﻿<?xml version="1.0" encoding="utf-8"?>
<DacOrigin xmlns="http://schemas.microsoft.com/sqlserver/dac/Serialization/2012/02">
  <PackageProperties>
    <Version>3.1.0.0</Version>
    <ContainsExportedData>true</ContainsExportedData>
    <StreamVersions>
      <Version StreamName="Data">2.0.0.0</Version>
      <Version StreamName="DeploymentContributors">1.0.0.0</Version>
    </StreamVersions>
  </PackageProperties>
  <Operation>
    <Identity>5cb5ffae-b224-4a5a-bda6-0d154369c7e6</Identity>
    <Start>2022-03-09T18:03:13.8194881+05:30</Start>
    <End>0001-01-01T00:00:00.0000000</End>
    <ProductName>Microsoft.SqlServer.Dac, Version=15.0.0.0, Culture=neutral, PublicKeyToken=b03f5f7f11d50a3a</ProductName>
    <ProductVersion>15.0.4573.2</ProductVersion>
    <ProductSchema>http://schemas.microsoft.com/sqlserver/dac/Serialization/2012/02</ProductSchema>
  </Operation>
  <Server>
    <ServerVersion>Microsoft SQL Server 2019 (RTM) - 15.0.2000.5 (X64) 
	Sep 24 2019 13:48:23 
	Copyright (C) 2019 Microsoft Corporation
	Enterprise Edition: Core-based Licensing (64-bit) on Windows 10 Enterprise 10.0 &lt;X64&gt; (Build 19042: )
</ServerVersion>
    <ObjectCounts>
      <DatabaseOptions>1</DatabaseOptions>
      <PermissionStatement>2</PermissionStatement>
      <PrimaryKeyConstraint>1</PrimaryKeyConstraint>
      <Procedure>1</Procedure>
      <SimpleColumn>5</SimpleColumn>
      <Table>1</Table>
    </ObjectCounts>
  </Server>
  <ExportStatistics>
    <SourceDatabaseSize>11144</SourceDatabaseSize>
    <TableRowCountTotalTag>5</TableRowCountTotalTag>
  </ExportStatistics>
  <Checksums>
    <Checksum Uri="/model.xml">F73C4E0DEA552215082EF0976B5B39961852DC615850725E001A695C0391159A</Checksum>
  </Checksums>
  <ModelSchemaVersion>2.9</ModelSchemaVersion>
</DacOrigin>